index,text,scrape_time,tweet_id,created_at,reply_count,quote_count,like_count,retweet_count,geo_full_name,geo_id,username,user_location,num_followers,search_keywords,search_neighbourhood
0,THE PARTY HOUSE - 'This will appeal to fans of psychological thrillers and crime and mystery readers who are likely to love being immersed in the Scottish Highlands location.' https://t.co/ghKyeFoNTl  #CrimeFiction #Thriller #ThePartyHouse #PartyHouseBook #LinAnderson https://t.co/ZGvvqfXzOe,2024-02-15 11:30:17.581667,1758189484066091237,2024-02-15 18:00:13+00:00,0,0,0,0,,,Dunedin_Media,"Edinburgh, Scotland",19484,(900-block pandora avenue OR esquimalt OR highlands OR metchosin OR pacheedaht OR saanich OR sooke OR vic west) (aboriginal coalition to end homelessness OR our place society OR victoria native friendship centre OR island health OR united way southern vancouver island OR greater victoria acting together OR victoria foundation OR aechr OR pacifica housing OR umbrella society OR unhoused OR crime) lang:en -is:retweet,900-block pandora avenue OR esquimalt OR highlands OR metchosin OR pacheedaht OR saanich OR sooke OR vic west
1,6. I lived about a mile from downtown from 03 to 08. Original Highlands and S. Old Louisville.  I was willing to tolerate a certain low risk of crime. We are now well over average urbanite's threshold for crime risk.  Esp with safer options on IN side,2024-02-15 11:30:17.581693,1758123033233932603,2024-02-15 13:36:10+00:00,1,0,0,0,"New Albany, IN",ec5febdaca1534b0,JMOinKY,District 12 ,801,(900-block pandora avenue OR esquimalt OR highlands OR metchosin OR pacheedaht OR saanich OR sooke OR vic west) (aboriginal coalition to end homelessness OR our place society OR victoria native friendship centre OR island health OR united way southern vancouver island OR greater victoria acting together OR victoria foundation OR aechr OR pacifica housing OR umbrella society OR unhoused OR crime) lang:en -is:retweet,900-block pandora avenue OR esquimalt OR highlands OR metchosin OR pacheedaht OR saanich OR sooke OR vic west
2,@Bell_O_The_Brae @_forgottenfooty @Hampdeners @AboutScotlandd @gedboy58 @R_McBrearty @fussballgeekz @TFHBs @SFootballMuseum @FootballMuseum @AndyWatson1856 @GLAfootballtour Each to their own‚Ä¶ I know it‚Äôs a crime in the Highlands.,2024-02-15 11:30:17.581704,1758070499106558133,2024-02-15 10:07:25+00:00,0,0,1,0,,,Kirstypartridg4,"Inverness, Scotland",59,(900-block pandora avenue OR esquimalt OR highlands OR metchosin OR pacheedaht OR saanich OR sooke OR vic west) (aboriginal coalition to end homelessness OR our place society OR victoria native friendship centre OR island health OR united way southern vancouver island OR greater victoria acting together OR victoria foundation OR aechr OR pacifica housing OR umbrella society OR unhoused OR crime) lang:en -is:retweet,900-block pandora avenue OR esquimalt OR highlands OR metchosin OR pacheedaht OR saanich OR sooke OR vic west
3,THE PARTY HOUSE - 'This will appeal to fans of psychological thrillers and crime and mystery readers who are likely to love being immersed in the Scottish Highlands location.' https://t.co/i7pJHiDII6  #CrimeFiction #Thriller #ThePartyHouse #PartyHouseBook #LinAnderson https://t.co/x4kdZVjgDQ,2024-02-15 11:30:17.581713,1757842183862751695,2024-02-14 19:00:10+00:00,0,0,10,14,,,CannesVibe,"Cannes, France",17125,(900-block pandora avenue OR esquimalt OR highlands OR metchosin OR pacheedaht OR saanich OR sooke OR vic west) (aboriginal coalition to end homelessness OR our place society OR victoria native friendship centre OR island health OR united way southern vancouver island OR greater victoria acting together OR victoria foundation OR aechr OR pacifica housing OR umbrella society OR unhoused OR crime) lang:en -is:retweet,900-block pandora avenue OR esquimalt OR highlands OR metchosin OR pacheedaht OR saanich OR sooke OR vic west
4,"@beverleyturner @pfizer When the number of deer have grown too large in the highlands of Scotland, their numbers are culled in order to protect the environment; I have reluctantly come to believe this was the true purpose of the mandated Covid-19 vaccines. A great crime has been committed. #Agenda2030",2024-02-15 11:30:17.581721,1757820514255491518,2024-02-14 17:34:03+00:00,0,0,3,0,,,PaulMaitland_,"North West, England",736,(900-block pandora avenue OR esquimalt OR highlands OR metchosin OR pacheedaht OR saanich OR sooke OR vic west) (aboriginal coalition to end homelessness OR our place society OR victoria native friendship centre OR island health OR united way southern vancouver island OR greater victoria acting together OR victoria foundation OR aechr OR pacifica housing OR umbrella society OR unhoused OR crime) lang:en -is:retweet,900-block pandora avenue OR esquimalt OR highlands OR metchosin OR pacheedaht OR saanich OR sooke OR vic west
5,"@liz_churchill10 When the number of deer have grown too large in the highlands of Scotland, their numbers are culled in order to protect the environment; I have reluctantly come to believe this was the true purpose of the mandated Covid-19 vaccines. A great crime has been committed. #Agenda2030",2024-02-15 11:30:17.581728,1757816778464309467,2024-02-14 17:19:13+00:00,0,0,0,0,,,NST_Online,Malaysia,809577,(900-block pandora avenue OR esquimalt OR highlands OR metchosin OR pacheedaht OR saanich OR sooke OR vic west) (aboriginal coalition to end homelessness OR our place society OR victoria native friendship centre OR island health OR united way southern vancouver island OR greater victoria acting together OR victoria foundation OR aechr OR pacifica housing OR umbrella society OR unhoused OR crime) lang:en -is:retweet,900-block pandora avenue OR esquimalt OR highlands OR metchosin OR pacheedaht OR saanich OR sooke OR vic west
6,"@TiceRichard @reformparty_uk @GBNEWS When the number of deer have grown too large in the highlands of Scotland, their numbers are culled in order to protect the environment; I have reluctantly come to believe this was the true purpose of the mandated Covid-19 vaccines. A great crime has been committed. #Agenda2030",2024-02-15 11:30:17.581736,1757774534617227503,2024-02-14 14:31:21+00:00,0,0,0,0,,,ShafiqLee3,,8,(900-block pandora avenue OR esquimalt OR highlands OR metchosin OR pacheedaht OR saanich OR sooke OR vic west) (aboriginal coalition to end homelessness OR our place society OR victoria native friendship centre OR island health OR united way southern vancouver island OR greater victoria acting together OR victoria foundation OR aechr OR pacifica housing OR umbrella society OR unhoused OR crime) lang:en -is:retweet,900-block pandora avenue OR esquimalt OR highlands OR metchosin OR pacheedaht OR saanich OR sooke OR vic west
0,@CBSNewsColorado Cocaine and heroin were super popular back in 99 in that area all the way out through highlands ranch. Most like got shot for stealing drugs.,2024-02-15 11:30:20.254773,1757823889525154070,2024-02-14 17:47:28+00:00,0,0,0,0,,,MeyeTradeYa,,2,(900-block pandora avenue OR esquimalt OR highlands OR metchosin OR pacheedaht OR saanich OR sooke OR vic west) (aceh OR pacifica housing OR victoria police department OR makola housing society OR vancouver island mental health society OR greater victoria placemaking network OR tourism vancouver island OR alliance to end homelessness in the capital region OR salvation army OR victoria native friendship centre OR violence OR drugs) lang:en -is:retweet,900-block pandora avenue OR esquimalt OR highlands OR metchosin OR pacheedaht OR saanich OR sooke OR vic west
0,"Do Derby Right!  Enjoy the charm of this Highlands home for the 150th Derby. Sparkling clean, beautifully renovated 3 BR home. Close to the track, the Bourbon Trail, and Nulu. Sleeps 5 people. Pictures: https://t.co/rKNJLsxECI https://t.co/VbfWCi0f8v",2024-02-15 11:30:23.309034,1758189537560322178,2024-02-15 18:00:25+00:00,0,0,0,0,,,DerbyHomeRental,"Louisville, Kentucky",139,"(900-block pandora avenue OR esquimalt OR highlands OR metchosin OR pacheedaht OR saanich OR sooke OR vic west) (aids vancouver island OR peers victoria resources society OR victoria tenant action group OR mental health recovery partners, south island OR vandu OR hillsidequadra OR town of view royal OR encampment OR sooke homelessness coalition OR peer housing support program OR home OR low-income) lang:en -is:retweet",900-block pandora avenue OR esquimalt OR highlands OR metchosin OR pacheedaht OR saanich OR sooke OR vic west
1,Scottish Highlands Travel Print Highlands Home D√©cor Highlands by InfiitePrints https://t.co/osFPrTrYmO via @Etsy,2024-02-15 11:30:23.309096,1758180887538335812,2024-02-15 17:26:03+00:00,0,0,0,0,,,SassyRoseCo,,191,"(900-block pandora avenue OR esquimalt OR highlands OR metchosin OR pacheedaht OR saanich OR sooke OR vic west) (aids vancouver island OR peers victoria resources society OR victoria tenant action group OR mental health recovery partners, south island OR vandu OR hillsidequadra OR town of view royal OR encampment OR sooke homelessness coalition OR peer housing support program OR home OR low-income) lang:en -is:retweet",900-block pandora avenue OR esquimalt OR highlands OR metchosin OR pacheedaht OR saanich OR sooke OR vic west
2,"Please retweet to help Barney find a home #HIGHLANDS #SCOTLAND 
üî∑AVAILABLE FOR ADOPTIONüî∑
Lovely Lurcher aged 5.  'He is a friendly lad who loves to get out for his walks. He walks beautifully on his harness and is a joy to walk.  Barney will need to continue his training with‚Ä¶ https://t.co/SCiA9kjsCe https://t.co/qvWxl7erYl",2024-02-15 11:30:23.309107,1758176826835276010,2024-02-15 17:09:55+00:00,2,1,114,159,,,AdoptionsUk,"Wales ,UK",79926,"(900-block pandora avenue OR esquimalt OR highlands OR metchosin OR pacheedaht OR saanich OR sooke OR vic west) (aids vancouver island OR peers victoria resources society OR victoria tenant action group OR mental health recovery partners, south island OR vandu OR hillsidequadra OR town of view royal OR encampment OR sooke homelessness coalition OR peer housing support program OR home OR low-income) lang:en -is:retweet",900-block pandora avenue OR esquimalt OR highlands OR metchosin OR pacheedaht OR saanich OR sooke OR vic west
3,"üì¢ We‚Äôre looking for partners in communities across the Highlands to work with Eden Court on an exciting new project! 'In On The Act' will support home-grown arts and culture in Highland communities.

Find out more üëá
https://t.co/wPfwDzLBBQ",2024-02-15 11:30:23.309116,1758152274302410765,2024-02-15 15:32:21+00:00,1,0,4,3,,,EdenCourt,"Inverness, Highlands",14224,"(900-block pandora avenue OR esquimalt OR highlands OR metchosin OR pacheedaht OR saanich OR sooke OR vic west) (aids vancouver island OR peers victoria resources society OR victoria tenant action group OR mental health recovery partners, south island OR vandu OR hillsidequadra OR town of view royal OR encampment OR sooke homelessness coalition OR peer housing support program OR home OR low-income) lang:en -is:retweet",900-block pandora avenue OR esquimalt OR highlands OR metchosin OR pacheedaht OR saanich OR sooke OR vic west
4,Single Family Home in Grey Highlands 325651 Durham Road B Rd #GreyHighlands #RealEstate https://t.co/ItZ7IDcwkv https://t.co/kMKSDrogY0 https://t.co/FnAghEz7Jq,2024-02-15 11:30:23.309126,1758123276000170199,2024-02-15 13:37:08+00:00,0,0,0,0,,,OntarioForSale,"Ontario, Canada",974,"(900-block pandora avenue OR esquimalt OR highlands OR metchosin OR pacheedaht OR saanich OR sooke OR vic west) (aids vancouver island OR peers victoria resources society OR victoria tenant action group OR mental health recovery partners, south island OR vandu OR hillsidequadra OR town of view royal OR encampment OR sooke homelessness coalition OR peer housing support program OR home OR low-income) lang:en -is:retweet",900-block pandora avenue OR esquimalt OR highlands OR metchosin OR pacheedaht OR saanich OR sooke OR vic west
5,"A visit by my friends heading off to sweet home at Basabolu village, Erave Rural Local Level Government in Kagua - Erave District of Southern Highlands Province - Papua New Guinea. https://t.co/dY238ik41l",2024-02-15 11:30:23.309136,1758116882597724586,2024-02-15 13:11:43+00:00,0,0,0,0,,,elikoms1,Papua New Guinea,73,"(900-block pandora avenue OR esquimalt OR highlands OR metchosin OR pacheedaht OR saanich OR sooke OR vic west) (aids vancouver island OR peers victoria resources society OR victoria tenant action group OR mental health recovery partners, south island OR vandu OR hillsidequadra OR town of view royal OR encampment OR sooke homelessness coalition OR peer housing support program OR home OR low-income) lang:en -is:retweet",900-block pandora avenue OR esquimalt OR highlands OR metchosin OR pacheedaht OR saanich OR sooke OR vic west
6,üçæüçæ  Spend Sept - Dec in the #Scottish #Highlands!  Bella Reed now owns The Highland Flower Shop in #FortWilliam. She has four months to find a new home for the business AND Santa's Grotto. #Feelgood #fun https://t.co/Cs1IoHUbYd https://t.co/zMn2Qp7t8t,2024-02-15 11:30:23.309144,1758088271567999379,2024-02-15 11:18:02+00:00,0,0,4,8,,,LinnBHalton,Somerset,2883,"(900-block pandora avenue OR esquimalt OR highlands OR metchosin OR pacheedaht OR saanich OR sooke OR vic west) (aids vancouver island OR peers victoria resources society OR victoria tenant action group OR mental health recovery partners, south island OR vandu OR hillsidequadra OR town of view royal OR encampment OR sooke homelessness coalition OR peer housing support program OR home OR low-income) lang:en -is:retweet",900-block pandora avenue OR esquimalt OR highlands OR metchosin OR pacheedaht OR saanich OR sooke OR vic west
7,"Thanks to Wilderness Scotland, Cairngorms Connect, Toncam, Highland Council, University of Highlands and Islands, Vattenfall, Hydrasun, Johnstone Carmichael, Harper Macleod, McGowan Environmental Engineering, Tesco, Skills Development Scotland, Lynemore Care Home, Growbiz,",2024-02-15 11:30:23.309157,1758086817067282869,2024-02-15 11:12:15+00:00,2,0,0,0,,,KingussieHigh,"Scotland, UK",1035,"(900-block pandora avenue OR esquimalt OR highlands OR metchosin OR pacheedaht OR saanich OR sooke OR vic west) (aids vancouver island OR peers victoria resources society OR victoria tenant action group OR mental health recovery partners, south island OR vandu OR hillsidequadra OR town of view royal OR encampment OR sooke homelessness coalition OR peer housing support program OR home OR low-income) lang:en -is:retweet",900-block pandora avenue OR esquimalt OR highlands OR metchosin OR pacheedaht OR saanich OR sooke OR vic west
8,"The @HighlandHospice in #Highlands are recruiting Care at Home Workers üëá

Glen Urquhart: https://t.co/lEyvIbLhax

#Inverness: https://t.co/BH0d6rcEhx

Fort Augustus: https://t.co/a41nzBCJ1l

#InvernessJobs #CareToCare #HighlandJobs #CareJobs https://t.co/FTN3J43cOs",2024-02-15 11:30:23.309166,1758080010999550362,2024-02-15 10:45:12+00:00,0,0,0,0,,,JCPinScotland,Scotland,7980,"(900-block pandora avenue OR esquimalt OR highlands OR metchosin OR pacheedaht OR saanich OR sooke OR vic west) (aids vancouver island OR peers victoria resources society OR victoria tenant action group OR mental health recovery partners, south island OR vandu OR hillsidequadra OR town of view royal OR encampment OR sooke homelessness coalition OR peer housing support program OR home OR low-income) lang:en -is:retweet",900-block pandora avenue OR esquimalt OR highlands OR metchosin OR pacheedaht OR saanich OR sooke OR vic west
9,"Support Worker vacancies with Highland Home Carers in #Inverness, #Nairn, #Dingwall and throughout the #Highlands 

Immediate start available. 

Find out more and apply https://t.co/XBABdQHd0L

#CareToCare #CareJobs #InvernessJobs #HighlandJobs https://t.co/BJi9XvAN07",2024-02-15 11:30:23.309174,1758072462196011346,2024-02-15 10:15:13+00:00,0,0,0,0,,,CSUP_Wrestling,,49,"(900-block pandora avenue OR esquimalt OR highlands OR metchosin OR pacheedaht OR saanich OR sooke OR vic west) (aids vancouver island OR peers victoria resources society OR victoria tenant action group OR mental health recovery partners, south island OR vandu OR hillsidequadra OR town of view royal OR encampment OR sooke homelessness coalition OR peer housing support program OR home OR low-income) lang:en -is:retweet",900-block pandora avenue OR esquimalt OR highlands OR metchosin OR pacheedaht OR saanich OR sooke OR vic west
10,"The @HighlandHospice in #Highlands are recruiting in #Invernessüëá

‚Ä¢Housekeeper: https://t.co/PCAMTZC3lW
‚Ä¢Shops Operations Supervisor: https://t.co/vIrPF43PGP
‚Ä¢Sunflower Care at Home Practitioner: https://t.co/xPfh76aIfZ

#InvernessJobs #CareToCare #RetailJobs #CareJobs https://t.co/AKhAxff4PT",2024-02-15 11:30:23.309181,1758071207482503528,2024-02-15 10:10:13+00:00,0,0,0,0,,,gothunderwolves,"Pueblo, Colorado",9350,"(900-block pandora avenue OR esquimalt OR highlands OR metchosin OR pacheedaht OR saanich OR sooke OR vic west) (aids vancouver island OR peers victoria resources society OR victoria tenant action group OR mental health recovery partners, south island OR vandu OR hillsidequadra OR town of view royal OR encampment OR sooke homelessness coalition OR peer housing support program OR home OR low-income) lang:en -is:retweet",900-block pandora avenue OR esquimalt OR highlands OR metchosin OR pacheedaht OR saanich OR sooke OR vic west
11,"ü§º RECAP

@CSUP_Wrestling take down Grizzlies

The Pack score seven match victories in a row en route to the win

CSU Pueblo remains at home and welcomes New Mexico Highlands for a RMAC dual on Friday at 6PM inside Massari Arena

‚úçÔ∏è https://t.co/0eDA24IwwZ

#DevelopingChampions https://t.co/7Xxn9IibHW",2024-02-15 11:30:23.309188,1758018225034461409,2024-02-15 06:39:41+00:00,0,0,1,0,,,Diana6197Davis,London,241,"(900-block pandora avenue OR esquimalt OR highlands OR metchosin OR pacheedaht OR saanich OR sooke OR vic west) (aids vancouver island OR peers victoria resources society OR victoria tenant action group OR mental health recovery partners, south island OR vandu OR hillsidequadra OR town of view royal OR encampment OR sooke homelessness coalition OR peer housing support program OR home OR low-income) lang:en -is:retweet",900-block pandora avenue OR esquimalt OR highlands OR metchosin OR pacheedaht OR saanich OR sooke OR vic west
12,"ü§º RECAP

@CSUP_Wrestling take down Grizzlies

The Pack score seven match victories in a row en route to the win

CSU Pueblo remains at home and welcomes New Mexico Highlands for a RMAC dual on Friday at 6PM inside Massari Arena

‚úçÔ∏è https://t.co/YisLJbMy3I

#DevelopingChampions https://t.co/qLBiZtE3ou",2024-02-15 11:30:23.309196,1758014759612436946,2024-02-15 06:25:55+00:00,0,0,2,0,,,Robyn_Grote,"Yuggerah land, Brisbane",4017,"(900-block pandora avenue OR esquimalt OR highlands OR metchosin OR pacheedaht OR saanich OR sooke OR vic west) (aids vancouver island OR peers victoria resources society OR victoria tenant action group OR mental health recovery partners, south island OR vandu OR hillsidequadra OR town of view royal OR encampment OR sooke homelessness coalition OR peer housing support program OR home OR low-income) lang:en -is:retweet",900-block pandora avenue OR esquimalt OR highlands OR metchosin OR pacheedaht OR saanich OR sooke OR vic west
13,"New photo of Meghan &amp; the former home of the couple on Towner Bay in North Saanich, Vancouver Island in Canada; the $18M oceanfront estate, known as 'Mille Fleurs'! Meghan &amp; Harry stayed there Winter 2020! They moved to USA before the border with Canada closed due to COVID-19! https://t.co/kaRUyLRdG7",2024-02-15 11:30:23.309204,1758009509883105323,2024-02-15 06:05:04+00:00,0,0,2,0,,,seanfarrell92,"Midland Park, NJ",3241,"(900-block pandora avenue OR esquimalt OR highlands OR metchosin OR pacheedaht OR saanich OR sooke OR vic west) (aids vancouver island OR peers victoria resources society OR victoria tenant action group OR mental health recovery partners, south island OR vandu OR hillsidequadra OR town of view royal OR encampment OR sooke homelessness coalition OR peer housing support program OR home OR low-income) lang:en -is:retweet",900-block pandora avenue OR esquimalt OR highlands OR metchosin OR pacheedaht OR saanich OR sooke OR vic west
14,"The couple flew by private jet from Santa Barbara airport, California, USA close to their home in Montecito to Vancouver, Canada on a 3 day visit! They originally lived in 'Mille Fleurs' mansion in North Saanich on Vancouver Island back in January 2020 before moving to the USA! https://t.co/J9Dm5imDtp",2024-02-15 11:30:23.309213,1758001514574983343,2024-02-15 05:33:17+00:00,0,0,2,0,,,CHEK_News,"Victoria, BC",60375,"(900-block pandora avenue OR esquimalt OR highlands OR metchosin OR pacheedaht OR saanich OR sooke OR vic west) (aids vancouver island OR peers victoria resources society OR victoria tenant action group OR mental health recovery partners, south island OR vandu OR hillsidequadra OR town of view royal OR encampment OR sooke homelessness coalition OR peer housing support program OR home OR low-income) lang:en -is:retweet",900-block pandora avenue OR esquimalt OR highlands OR metchosin OR pacheedaht OR saanich OR sooke OR vic west
15,@Baumann_Mac @MarkDreyfusKCMP What are they doing with that money? Gee we could almost do up my late Mum‚Äôs ancestral home in the Scottish highlands with that money- Findlater Castle- just a pile of rocks. The way the colonisers- in that case the English- liked to leave things.,2024-02-15 11:30:23.309220,1757993220456538420,2024-02-15 05:00:20+00:00,0,0,2,0,"Brisbane, Queensland",004ec16c62325149,LADYCATS_BALL,9449 Church Rd Dallas TX 75034,421,"(900-block pandora avenue OR esquimalt OR highlands OR metchosin OR pacheedaht OR saanich OR sooke OR vic west) (aids vancouver island OR peers victoria resources society OR victoria tenant action group OR mental health recovery partners, south island OR vandu OR hillsidequadra OR town of view royal OR encampment OR sooke homelessness coalition OR peer housing support program OR home OR low-income) lang:en -is:retweet",900-block pandora avenue OR esquimalt OR highlands OR metchosin OR pacheedaht OR saanich OR sooke OR vic west
16,"Northern Highlands brought home its first sectional title in 16 years after an uncanny prediction by its head coach.
https://t.co/0XFebO6kJc",2024-02-15 11:30:23.309230,1757920349654810978,2024-02-15 00:10:46+00:00,0,0,3,1,,,jayystanlee,downunder,86,"(900-block pandora avenue OR esquimalt OR highlands OR metchosin OR pacheedaht OR saanich OR sooke OR vic west) (aids vancouver island OR peers victoria resources society OR victoria tenant action group OR mental health recovery partners, south island OR vandu OR hillsidequadra OR town of view royal OR encampment OR sooke homelessness coalition OR peer housing support program OR home OR low-income) lang:en -is:retweet",900-block pandora avenue OR esquimalt OR highlands OR metchosin OR pacheedaht OR saanich OR sooke OR vic west
17,"When Emily Lock‚Äôs cat ‚ÄúSurvivor‚Äù went missing from her Sooke home, she never expected it would take more than three years to see her again.

https://t.co/LQSkqGCpgW",2024-02-15 11:30:23.309238,1757917153767158004,2024-02-14 23:58:04+00:00,0,0,12,2,,,exploreclarion,"Clarion, PA",4476,"(900-block pandora avenue OR esquimalt OR highlands OR metchosin OR pacheedaht OR saanich OR sooke OR vic west) (aids vancouver island OR peers victoria resources society OR victoria tenant action group OR mental health recovery partners, south island OR vandu OR hillsidequadra OR town of view royal OR encampment OR sooke homelessness coalition OR peer housing support program OR home OR low-income) lang:en -is:retweet",900-block pandora avenue OR esquimalt OR highlands OR metchosin OR pacheedaht OR saanich OR sooke OR vic west
18,"WILDCAT NATION We need YOU TOMORROW!!

HOME Area championship game 
Lake Highlands vs. #2 Hebron 
6:30pm Lake Highlands High School

#LadywildCATSüêæ https://t.co/1pcMFRqyXM",2024-02-15 11:30:23.309246,1757916900628246721,2024-02-14 23:57:04+00:00,0,4,19,6,"Dallas, TX",18810aa5b43e76c7,exploreJeffPA,,883,"(900-block pandora avenue OR esquimalt OR highlands OR metchosin OR pacheedaht OR saanich OR sooke OR vic west) (aids vancouver island OR peers victoria resources society OR victoria tenant action group OR mental health recovery partners, south island OR vandu OR hillsidequadra OR town of view royal OR encampment OR sooke homelessness coalition OR peer housing support program OR home OR low-income) lang:en -is:retweet",900-block pandora avenue OR esquimalt OR highlands OR metchosin OR pacheedaht OR saanich OR sooke OR vic west
19,"20240215 24 Newsday thu 1000

vic 90,000 people still without power
Vic north west fires still rage
Sydney asbestos City schools and parks locked down over fibers found
700 students from Liverpool West will be home
Samantha Murphy disappearance now treated as suspicious",2024-02-15 11:30:23.309256,1757903203763650761,2024-02-14 23:02:38+00:00,0,0,0,0,,,T_C_2027,,86,"(900-block pandora avenue OR esquimalt OR highlands OR metchosin OR pacheedaht OR saanich OR sooke OR vic west) (aids vancouver island OR peers victoria resources society OR victoria tenant action group OR mental health recovery partners, south island OR vandu OR hillsidequadra OR town of view royal OR encampment OR sooke homelessness coalition OR peer housing support program OR home OR low-income) lang:en -is:retweet",900-block pandora avenue OR esquimalt OR highlands OR metchosin OR pacheedaht OR saanich OR sooke OR vic west
20,"Nursing has changed a great deal in the last 50 years‚Äîjust ask Nancy Farwell, RN, who is employed by Penn Highlands Healthcare at Home in Performance Improvement.",2024-02-15 11:30:23.309264,1757902631174074603,2024-02-14 23:00:22+00:00,0,0,0,0,,,C_Fitz_,South Derry,10512,"(900-block pandora avenue OR esquimalt OR highlands OR metchosin OR pacheedaht OR saanich OR sooke OR vic west) (aids vancouver island OR peers victoria resources society OR victoria tenant action group OR mental health recovery partners, south island OR vandu OR hillsidequadra OR town of view royal OR encampment OR sooke homelessness coalition OR peer housing support program OR home OR low-income) lang:en -is:retweet",900-block pandora avenue OR esquimalt OR highlands OR metchosin OR pacheedaht OR saanich OR sooke OR vic west
21,"Nursing has changed a great deal in the last 50 years‚Äîjust ask Nancy Farwell, RN, who is employed by Penn Highlands Healthcare at Home in Performance Improvement.",2024-02-15 11:30:23.309273,1757887825133945277,2024-02-14 22:01:32+00:00,0,0,0,0,,,DominiqueBandet,,127,"(900-block pandora avenue OR esquimalt OR highlands OR metchosin OR pacheedaht OR saanich OR sooke OR vic west) (aids vancouver island OR peers victoria resources society OR victoria tenant action group OR mental health recovery partners, south island OR vandu OR hillsidequadra OR town of view royal OR encampment OR sooke homelessness coalition OR peer housing support program OR home OR low-income) lang:en -is:retweet",900-block pandora avenue OR esquimalt OR highlands OR metchosin OR pacheedaht OR saanich OR sooke OR vic west
22,"20240215 24 Newsday thu 0800

vic 90,000 people still without power
Vic north west fires still rage
Sydney asbestos City schools and parks locked down over fibers found
700 students from Liverpool West will be home
Samantha Murphy disappearance now treated as suspicious",2024-02-15 11:30:23.309282,1757873088203780367,2024-02-14 21:02:58+00:00,0,0,0,0,,,VicBuilders,"Victoria, BC",5108,"(900-block pandora avenue OR esquimalt OR highlands OR metchosin OR pacheedaht OR saanich OR sooke OR vic west) (aids vancouver island OR peers victoria resources society OR victoria tenant action group OR mental health recovery partners, south island OR vandu OR hillsidequadra OR town of view royal OR encampment OR sooke homelessness coalition OR peer housing support program OR home OR low-income) lang:en -is:retweet",900-block pandora avenue OR esquimalt OR highlands OR metchosin OR pacheedaht OR saanich OR sooke OR vic west
23,"@RobShaw_BC @Dave_Eby @TheOrcaBC @Glacier_Media üè†
Land must be under $400K
&amp;
Home under $400K
to be anywhere near middle-income $800K affordable in ?? urban ??  areas... or semi-urban areas??? 

Rob, where in Greater #YYJ is this possible?

Metchosin, Colwood, Langford, Mill Bay, Central Saanich, North Saanich.

@victoria_yyj",2024-02-15 11:30:23.309304,1757853283945975891,2024-02-14 19:44:16+00:00,0,0,0,0,,,ga_mbb,,1047,"(900-block pandora avenue OR esquimalt OR highlands OR metchosin OR pacheedaht OR saanich OR sooke OR vic west) (aids vancouver island OR peers victoria resources society OR victoria tenant action group OR mental health recovery partners, south island OR vandu OR hillsidequadra OR town of view royal OR encampment OR sooke homelessness coalition OR peer housing support program OR home OR low-income) lang:en -is:retweet",900-block pandora avenue OR esquimalt OR highlands OR metchosin OR pacheedaht OR saanich OR sooke OR vic west
24,Just home after an epic 9 hour journey - but it was so worth it. So lucky to have family who live in the glorious Highlands - paradise üè¥Û†ÅßÛ†Å¢Û†Å≥Û†Å£Û†Å¥Û†Åø‚ù§Ô∏è #Ballater #Cairngorms https://t.co/w4V6PndVnk,2024-02-15 11:30:23.309313,1757851969698300094,2024-02-14 19:39:03+00:00,2,0,51,1,,,LeanneBMilligan,"Glasgow, Scotland",1266,"(900-block pandora avenue OR esquimalt OR highlands OR metchosin OR pacheedaht OR saanich OR sooke OR vic west) (aids vancouver island OR peers victoria resources society OR victoria tenant action group OR mental health recovery partners, south island OR vandu OR hillsidequadra OR town of view royal OR encampment OR sooke homelessness coalition OR peer housing support program OR home OR low-income) lang:en -is:retweet",900-block pandora avenue OR esquimalt OR highlands OR metchosin OR pacheedaht OR saanich OR sooke OR vic west
25,"20240215 24 Newsday thu 0500

vic 90,000 people still without power
Vic north west fires still rage
Sydney asbestos City schools and parks locked down over fibers found
700 students from Liverpool West will be home
Samantha Murphy disappearance now treated as suspicious",2024-02-15 11:30:23.309321,1757838688879587512,2024-02-14 18:46:17+00:00,0,0,0,0,,,SerjaiP,US,557,"(900-block pandora avenue OR esquimalt OR highlands OR metchosin OR pacheedaht OR saanich OR sooke OR vic west) (aids vancouver island OR peers victoria resources society OR victoria tenant action group OR mental health recovery partners, south island OR vandu OR hillsidequadra OR town of view royal OR encampment OR sooke homelessness coalition OR peer housing support program OR home OR low-income) lang:en -is:retweet",900-block pandora avenue OR esquimalt OR highlands OR metchosin OR pacheedaht OR saanich OR sooke OR vic west
26,RT @VicBuilders: Our column today in @timescolonist B9: BC PTT Undermines Affordable Housing - how a govt tax impacts housing supply &amp; affordability from rental to home ownership https://t.co/HgUWRTiK21 https://t.co/6eRhzx4maC #yyj #saanich #colwood #langford #oakbay #csaan #s‚Ä¶,2024-02-15 11:30:23.309330,1757811692883324930,2024-02-14 16:59:00+00:00,0,0,0,0,,,PharosTutors,,2233,"(900-block pandora avenue OR esquimalt OR highlands OR metchosin OR pacheedaht OR saanich OR sooke OR vic west) (aids vancouver island OR peers victoria resources society OR victoria tenant action group OR mental health recovery partners, south island OR vandu OR hillsidequadra OR town of view royal OR encampment OR sooke homelessness coalition OR peer housing support program OR home OR low-income) lang:en -is:retweet",900-block pandora avenue OR esquimalt OR highlands OR metchosin OR pacheedaht OR saanich OR sooke OR vic west
27,Our column today in @timescolonist B9: BC PTT Undermines Affordable Housing - how a govt tax impacts housing supply &amp; affordability from rental to home ownership https://t.co/no7t4KceTE https://t.co/i52Yc5HddF #yyj #saanich #colwood #langford #oakbay #csaan #sooke #sidney #bcpoli,2024-02-15 11:30:23.309338,1757805444930965780,2024-02-14 16:34:11+00:00,0,1,0,0,,,TravelXeu,World,7399,"(900-block pandora avenue OR esquimalt OR highlands OR metchosin OR pacheedaht OR saanich OR sooke OR vic west) (aids vancouver island OR peers victoria resources society OR victoria tenant action group OR mental health recovery partners, south island OR vandu OR hillsidequadra OR town of view royal OR encampment OR sooke homelessness coalition OR peer housing support program OR home OR low-income) lang:en -is:retweet",900-block pandora avenue OR esquimalt OR highlands OR metchosin OR pacheedaht OR saanich OR sooke OR vic west
28,"Home Game Double Header in the @THEGCAA vs. Georgia Highlands
Women 5:30pm , Men 7:30pm https://t.co/STy751RG41",2024-02-15 11:30:23.309346,1757782021516968042,2024-02-14 15:01:06+00:00,0,1,9,0,,,jwhmusic,"Lincoln, NE",234,"(900-block pandora avenue OR esquimalt OR highlands OR metchosin OR pacheedaht OR saanich OR sooke OR vic west) (aids vancouver island OR peers victoria resources society OR victoria tenant action group OR mental health recovery partners, south island OR vandu OR hillsidequadra OR town of view royal OR encampment OR sooke homelessness coalition OR peer housing support program OR home OR low-income) lang:en -is:retweet",900-block pandora avenue OR esquimalt OR highlands OR metchosin OR pacheedaht OR saanich OR sooke OR vic west
29,"What would you do if you were far from home when the world ends? üåé

Lisa battles dwindling supplies, floods, wildfires &amp; people in her pursuit for the safety of her cottage in the Scottish Highlands. How will she survive in this new world?
#JWMeetYourMatch #clifi",2024-02-15 11:30:23.309354,1757777901871657031,2024-02-14 14:44:44+00:00,3,0,7,0,,,IamtheDJ40,"Glasgow, Scotland",2336,"(900-block pandora avenue OR esquimalt OR highlands OR metchosin OR pacheedaht OR saanich OR sooke OR vic west) (aids vancouver island OR peers victoria resources society OR victoria tenant action group OR mental health recovery partners, south island OR vandu OR hillsidequadra OR town of view royal OR encampment OR sooke homelessness coalition OR peer housing support program OR home OR low-income) lang:en -is:retweet",900-block pandora avenue OR esquimalt OR highlands OR metchosin OR pacheedaht OR saanich OR sooke OR vic west
30,"12. üèîÔ∏è **Dak Nong Geopark: Geological Marvels in the Central Highlands**
Nestled in the heart of Vietnam's Central Highlands, Dak Nong Geopark is a geological wonderland waiting to be explored. Home to impressive volcanic landscapes, majestic waterfalls, and diverse ecosystems,‚Ä¶ https://t.co/WFxSVDFRcq",2024-02-15 11:30:23.309363,1757762173747818691,2024-02-14 13:42:14+00:00,11,0,12,0,,,EastWestQuest,,3717,"(900-block pandora avenue OR esquimalt OR highlands OR metchosin OR pacheedaht OR saanich OR sooke OR vic west) (aids vancouver island OR peers victoria resources society OR victoria tenant action group OR mental health recovery partners, south island OR vandu OR hillsidequadra OR town of view royal OR encampment OR sooke homelessness coalition OR peer housing support program OR home OR low-income) lang:en -is:retweet",900-block pandora avenue OR esquimalt OR highlands OR metchosin OR pacheedaht OR saanich OR sooke OR vic west
31,Family history hunt ends on tiny island home to just seals and sheep. https://t.co/AM0mFw6OzJ https://t.co/XFYTMEkbwp,2024-02-15 11:30:23.309371,1757676319876255875,2024-02-14 08:01:05+00:00,0,0,1,0,,,JohnGailey10,,77,"(900-block pandora avenue OR esquimalt OR highlands OR metchosin OR pacheedaht OR saanich OR sooke OR vic west) (aids vancouver island OR peers victoria resources society OR victoria tenant action group OR mental health recovery partners, south island OR vandu OR hillsidequadra OR town of view royal OR encampment OR sooke homelessness coalition OR peer housing support program OR home OR low-income) lang:en -is:retweet",900-block pandora avenue OR esquimalt OR highlands OR metchosin OR pacheedaht OR saanich OR sooke OR vic west
32,"@fasc1nate In the heart of the Scottish Highlands lies the village of Aberfeldy, home to the famous Birks of Aberfeldy, a wooded gorge and waterfall that inspired the Scottish poet Robert Burns to write one of his most celebrated poems. Legend has it that the area is haunted by the ghost of‚Ä¶ https://t.co/cOEzRG1PvM",2024-02-15 11:30:23.309379,1757630903679852979,2024-02-14 05:00:37+00:00,0,0,0,1,,,hotmai_castillo,,1314,"(900-block pandora avenue OR esquimalt OR highlands OR metchosin OR pacheedaht OR saanich OR sooke OR vic west) (aids vancouver island OR peers victoria resources society OR victoria tenant action group OR mental health recovery partners, south island OR vandu OR hillsidequadra OR town of view royal OR encampment OR sooke homelessness coalition OR peer housing support program OR home OR low-income) lang:en -is:retweet",900-block pandora avenue OR esquimalt OR highlands OR metchosin OR pacheedaht OR saanich OR sooke OR vic west
33,"@fopminui @NoContextHumans In the heart of the Scottish Highlands lies the village of Aberfeldy, home to the famous Birks of Aberfeldy, a wooded gorge and waterfall that inspired the Scottish poet Robert Burns to write one of his most celebrated poems. Legend has it that the area is haunted by the ghost of‚Ä¶ https://t.co/97qEwZlGqs",2024-02-15 11:30:23.309390,1757630823644229945,2024-02-14 05:00:18+00:00,0,0,0,0,,,ahrlib,"Covington, VA",39,"(900-block pandora avenue OR esquimalt OR highlands OR metchosin OR pacheedaht OR saanich OR sooke OR vic west) (aids vancouver island OR peers victoria resources society OR victoria tenant action group OR mental health recovery partners, south island OR vandu OR hillsidequadra OR town of view royal OR encampment OR sooke homelessness coalition OR peer housing support program OR home OR low-income) lang:en -is:retweet",900-block pandora avenue OR esquimalt OR highlands OR metchosin OR pacheedaht OR saanich OR sooke OR vic west
34,"@fopminui @fasc1nate In the heart of the Scottish Highlands lies the village of Aberfeldy, home to the famous Birks of Aberfeldy, a wooded gorge and waterfall that inspired the Scottish poet Robert Burns to write one of his most celebrated poems. Legend has it that the area is haunted by the ghost of‚Ä¶ https://t.co/i2PR1lPlVx",2024-02-15 11:30:23.309399,1757630738864681383,2024-02-14 04:59:58+00:00,0,0,0,0,,,VibrantVictoria,"Victoria, BC, Canada",13280,"(900-block pandora avenue OR esquimalt OR highlands OR metchosin OR pacheedaht OR saanich OR sooke OR vic west) (aids vancouver island OR peers victoria resources society OR victoria tenant action group OR mental health recovery partners, south island OR vandu OR hillsidequadra OR town of view royal OR encampment OR sooke homelessness coalition OR peer housing support program OR home OR low-income) lang:en -is:retweet",900-block pandora avenue OR esquimalt OR highlands OR metchosin OR pacheedaht OR saanich OR sooke OR vic west
0,@johal_nirmal @Adam_Stirling Well he is acting like the Saanich Mayor and council raising taxes in saanich for silly things like PPP. All while letting developers gouge us to maximize profits while we still don't have affordable housing,2024-02-15 11:30:26.000819,1758156781828874262,2024-02-15 15:50:16+00:00,0,0,0,0,,,nextmovement1,Victoria,70,(900-block pandora avenue OR esquimalt OR highlands OR metchosin OR pacheedaht OR saanich OR sooke OR vic west) (avi OR saanich police community engagement division OR vtag OR mustard seed OR victoria disability resource centre OR home for hope OR township of esquimalt OR emergency housing OR sooke transition house society OR people with lived experience OR affordable housing OR narcotics) lang:en -is:retweet,900-block pandora avenue OR esquimalt OR highlands OR metchosin OR pacheedaht OR saanich OR sooke OR vic west
1,"Engineering Technologist II - Township of Esquimalt (Esquimalt, BC) https://t.co/W3GdUOLVid",2024-02-15 11:30:26.000876,1757864676199997651,2024-02-14 20:29:33+00:00,0,0,0,0,,,CivicJobs,Canada,3979,(900-block pandora avenue OR esquimalt OR highlands OR metchosin OR pacheedaht OR saanich OR sooke OR vic west) (avi OR saanich police community engagement division OR vtag OR mustard seed OR victoria disability resource centre OR home for hope OR township of esquimalt OR emergency housing OR sooke transition house society OR people with lived experience OR affordable housing OR narcotics) lang:en -is:retweet,900-block pandora avenue OR esquimalt OR highlands OR metchosin OR pacheedaht OR saanich OR sooke OR vic west
4,"#Saanich Council votes 9-0 to support a rezoning for a new 119-unit affordable housing build on McCoy Rd (near @uvic).

Currently 12 units on the site. New build will see 3x the 3BR units.  

This is a @crd_bc Housing Corp project.

Report:
https://t.co/ycPS1Px8LW

#yyj #yyjpoli https://t.co/zYgzodnzlx",2024-02-15 11:30:26.000923,1757623055852163565,2024-02-14 04:29:26+00:00,0,0,9,2,"Saanich, British Columbia",52bc3157f597168a,ColinPlant2022,"Saanich, British Columbia",2551,(900-block pandora avenue OR esquimalt OR highlands OR metchosin OR pacheedaht OR saanich OR sooke OR vic west) (avi OR saanich police community engagement division OR vtag OR mustard seed OR victoria disability resource centre OR home for hope OR township of esquimalt OR emergency housing OR sooke transition house society OR people with lived experience OR affordable housing OR narcotics) lang:en -is:retweet,900-block pandora avenue OR esquimalt OR highlands OR metchosin OR pacheedaht OR saanich OR sooke OR vic west
0,"@DougAMacgregor According to Jon Alterman, the Houthis are a robust, battle-tested guerilla force based in the highlands of Northern Yemen that has been fighting the Yemeni and Saudi governments for much of the last two decades. 

Their supporters are for the most part poor and deeply alienated,‚Ä¶ https://t.co/iDzgJZXx1y",2024-02-15 11:30:34.004929,1758186642999754836,2024-02-15 17:48:55+00:00,0,0,7,1,,,VivaDido,,13981,(900-block pandora avenue OR esquimalt OR highlands OR metchosin OR pacheedaht OR saanich OR sooke OR vic west) (avivanisle OR save beacon hill park OR working upstream to prevent youth homelessness OR quadra village community centre OR victoria real estate board OR james bay community project OR victoria aids resource community services OR person experiencing homelessness OR vwth OR safe supply OR poor OR social structure) lang:en -is:retweet,900-block pandora avenue OR esquimalt OR highlands OR metchosin OR pacheedaht OR saanich OR sooke OR vic west
1,"Radio Scotland phone-in on the Highlands this morning. The dominant view that  Brexit has had a detrimental effect causing lack of investment in key infrastructure. Couple that with the poor fiscal management from Westminster, a double whammy for the rural areas thus depopulation",2024-02-15 11:30:34.004971,1758071192169119900,2024-02-15 10:10:10+00:00,2,2,12,3,,,annblackford1,"Croft, Isle of Skye",924,(900-block pandora avenue OR esquimalt OR highlands OR metchosin OR pacheedaht OR saanich OR sooke OR vic west) (avivanisle OR save beacon hill park OR working upstream to prevent youth homelessness OR quadra village community centre OR victoria real estate board OR james bay community project OR victoria aids resource community services OR person experiencing homelessness OR vwth OR safe supply OR poor OR social structure) lang:en -is:retweet,900-block pandora avenue OR esquimalt OR highlands OR metchosin OR pacheedaht OR saanich OR sooke OR vic west
2,"Additionally it feels the Scottish Highlands are just destined to provide poor care, long wait lists, lack of knowledge and professionalism (not always but prominent with my experience and others), lack of services and often a lack of compassion. It's shocking.",2024-02-15 11:30:34.004981,1757917310755729651,2024-02-14 23:58:42+00:00,1,0,0,0,,,_pariah,"Highlands, Scotland",16144,(900-block pandora avenue OR esquimalt OR highlands OR metchosin OR pacheedaht OR saanich OR sooke OR vic west) (avivanisle OR save beacon hill park OR working upstream to prevent youth homelessness OR quadra village community centre OR victoria real estate board OR james bay community project OR victoria aids resource community services OR person experiencing homelessness OR vwth OR safe supply OR poor OR social structure) lang:en -is:retweet,900-block pandora avenue OR esquimalt OR highlands OR metchosin OR pacheedaht OR saanich OR sooke OR vic west
3,"@SimonPease1 @GoingLongC @NickCohen4 Land subsidies are enabling hedge funds to buy large estates and pay the mortgage off with the subsidy. This keeps the price of land artificially high and leads to poor land use and management. Vast swathes of the Highlands are dormant, cleared of any potential. Land reform is üëé",2024-02-15 11:30:34.004989,1757703342401171669,2024-02-14 09:48:28+00:00,0,0,3,0,,,Glenlyon17,,5697,(900-block pandora avenue OR esquimalt OR highlands OR metchosin OR pacheedaht OR saanich OR sooke OR vic west) (avivanisle OR save beacon hill park OR working upstream to prevent youth homelessness OR quadra village community centre OR victoria real estate board OR james bay community project OR victoria aids resource community services OR person experiencing homelessness OR vwth OR safe supply OR poor OR social structure) lang:en -is:retweet,900-block pandora avenue OR esquimalt OR highlands OR metchosin OR pacheedaht OR saanich OR sooke OR vic west
4,"@aab_fi @PMEthiopia @Ethioinsomalia @mfaethiopia So they are still poor living in the shores of the ocean ,while Abiyu misleading those in the highlands if they set foot in the salty water they will be millionaires üòä",2024-02-15 11:30:34.004999,1757490840748818455,2024-02-13 19:44:03+00:00,1,0,1,0,,,AyanleAhmed13,Global,60,(900-block pandora avenue OR esquimalt OR highlands OR metchosin OR pacheedaht OR saanich OR sooke OR vic west) (avivanisle OR save beacon hill park OR working upstream to prevent youth homelessness OR quadra village community centre OR victoria real estate board OR james bay community project OR victoria aids resource community services OR person experiencing homelessness OR vwth OR safe supply OR poor OR social structure) lang:en -is:retweet,900-block pandora avenue OR esquimalt OR highlands OR metchosin OR pacheedaht OR saanich OR sooke OR vic west
0,"@milkygola @Joe_Highlands @SunBleachedSlay Wait until you find out what cash flow is, you might make it out of poverty",2024-02-15 11:30:36.746948,1757884330863669616,2024-02-14 21:47:39+00:00,1,0,0,0,,,Dreyess_,The gym ,1286,(900-block pandora avenue OR esquimalt OR highlands OR metchosin OR pacheedaht OR saanich OR sooke OR vic west) (bc housing OR society of st vincent de paul OR beacon community services OR rentsmart OR victoria women in need OR literacy victoria OR victoria brain injury society OR temporary shelter OR couch surfing OR service provider OR poverty OR stolen) lang:en -is:retweet,900-block pandora avenue OR esquimalt OR highlands OR metchosin OR pacheedaht OR saanich OR sooke OR vic west
3,"Heroes of deserts and highlands, camelids üê´ü¶ôüê™ have huge potential to support food security and nutrition as well as reduce levels of extreme poverty.

This #ValentinesDay, let's take a moment to show them some ‚ù§Ô∏è!

#YearofCamelids https://t.co/1CQPdZudBz",2024-02-15 11:30:36.747015,1757739260780879992,2024-02-14 12:11:11+00:00,0,0,0,0,,,Asim_Zubair10,,24,(900-block pandora avenue OR esquimalt OR highlands OR metchosin OR pacheedaht OR saanich OR sooke OR vic west) (bc housing OR society of st vincent de paul OR beacon community services OR rentsmart OR victoria women in need OR literacy victoria OR victoria brain injury society OR temporary shelter OR couch surfing OR service provider OR poverty OR stolen) lang:en -is:retweet,900-block pandora avenue OR esquimalt OR highlands OR metchosin OR pacheedaht OR saanich OR sooke OR vic west
4,"Heroes of deserts and highlands, camelids üê´ü¶ôüê™ have huge potential to support food security and nutrition as well as reduce levels of extreme poverty.

This #ValentinesDay, let's take a moment to show them some ‚ù§Ô∏è!

#YearofCamelids https://t.co/WHzLb8PjVW",2024-02-15 11:30:36.747026,1757721345062764798,2024-02-14 11:00:00+00:00,0,2,95,31,,,FAO,"Rome, Italy",680478,(900-block pandora avenue OR esquimalt OR highlands OR metchosin OR pacheedaht OR saanich OR sooke OR vic west) (bc housing OR society of st vincent de paul OR beacon community services OR rentsmart OR victoria women in need OR literacy victoria OR victoria brain injury society OR temporary shelter OR couch surfing OR service provider OR poverty OR stolen) lang:en -is:retweet,900-block pandora avenue OR esquimalt OR highlands OR metchosin OR pacheedaht OR saanich OR sooke OR vic west
0,"NORTH 1 GROUP B STORY: ‚ÄúIt‚Äôs indescribable and amazing. We won it all!"" Northern Highlands (@NHRHS_Athletics) earns redemption by knocking off Tenafly to win its first sectional title since 2008. CC: @nhrhs1 #NJSwimming üèäüèª‚Äç‚ôÇÔ∏è https://t.co/ovUbyh8ZvN",2024-02-15 11:30:39.476416,1758166781867303229,2024-02-15 16:30:00+00:00,0,0,1,0,,,SBassin_Sports,,2966,(900-block pandora avenue OR esquimalt OR highlands OR metchosin OR pacheedaht OR saanich OR sooke OR vic west) (capital regional district OR svdp OR burnside gorge community association OR saanich police department OR win OR mental health society of greater victoria OR victoria chamber OR temporary housing OR low income OR front line worker OR social housing OR theft) lang:en -is:retweet,900-block pandora avenue OR esquimalt OR highlands OR metchosin OR pacheedaht OR saanich OR sooke OR vic west
3,"Final in North 1, Group B: No. 2 Northern Highlands takes 2nd &amp; 3rd in the 4x400 freestyle relay to avenge last year‚Äôs loss to No. 1 Tenafly &amp; win the sectional championship. 86-84 is your final score! CC: @NorthernSwim @NHRHS_Athletics #NJSwimming üèä‚Äç‚ôÇÔ∏è https://t.co/kNgqFB4o06",2024-02-15 11:30:39.476482,1757889499294568949,2024-02-14 22:08:11+00:00,0,0,6,2,,,WJACTV,West-Central Pennsylvania,19352,(900-block pandora avenue OR esquimalt OR highlands OR metchosin OR pacheedaht OR saanich OR sooke OR vic west) (capital regional district OR svdp OR burnside gorge community association OR saanich police department OR win OR mental health society of greater victoria OR victoria chamber OR temporary housing OR low income OR front line worker OR social housing OR theft) lang:en -is:retweet,900-block pandora avenue OR esquimalt OR highlands OR metchosin OR pacheedaht OR saanich OR sooke OR vic west
4,"üé≥ On Friday, Penn Highlands' Brady Huss became the second male in school history to win the ‚ÄúAll Events‚Äù title at the Western Pennsylvania Collegiate Conference Tournament.
https://t.co/Xd9600TA4E",2024-02-15 11:30:39.476491,1757836006324126084,2024-02-14 18:35:37+00:00,0,0,1,0,,,ClassicRock1077,,17,(900-block pandora avenue OR esquimalt OR highlands OR metchosin OR pacheedaht OR saanich OR sooke OR vic west) (capital regional district OR svdp OR burnside gorge community association OR saanich police department OR win OR mental health society of greater victoria OR victoria chamber OR temporary housing OR low income OR front line worker OR social housing OR theft) lang:en -is:retweet,900-block pandora avenue OR esquimalt OR highlands OR metchosin OR pacheedaht OR saanich OR sooke OR vic west
5,"Enter to win a pair of weekend Passes to @BourbonnBeyond 2024 at the Highlands Festival Grounds on September 19-22!
https://t.co/WmnRzrjTnW https://t.co/Vjp6XFzeou",2024-02-15 11:30:39.476500,1757827619720937549,2024-02-14 18:02:18+00:00,0,0,0,0,,,uranianexile,The Bardos,380,(900-block pandora avenue OR esquimalt OR highlands OR metchosin OR pacheedaht OR saanich OR sooke OR vic west) (capital regional district OR svdp OR burnside gorge community association OR saanich police department OR win OR mental health society of greater victoria OR victoria chamber OR temporary housing OR low income OR front line worker OR social housing OR theft) lang:en -is:retweet,900-block pandora avenue OR esquimalt OR highlands OR metchosin OR pacheedaht OR saanich OR sooke OR vic west
6,@NRfan80 @PositivFuturist Imagine wanting to build high-rise social housing in Powys and the Scottish Highlands? That's a peculiar form of masochism.,2024-02-15 11:30:39.476514,1757651870112162253,2024-02-14 06:23:56+00:00,0,0,2,0,,,kezzy1965,"Carnoustie, Scotland",488,(900-block pandora avenue OR esquimalt OR highlands OR metchosin OR pacheedaht OR saanich OR sooke OR vic west) (capital regional district OR svdp OR burnside gorge community association OR saanich police department OR win OR mental health society of greater victoria OR victoria chamber OR temporary housing OR low income OR front line worker OR social housing OR theft) lang:en -is:retweet,900-block pandora avenue OR esquimalt OR highlands OR metchosin OR pacheedaht OR saanich OR sooke OR vic west
1,"@BBCRadioScot Where would you like me to start? Travel,  dualling of A roads. Healthcare postcode lottery. I‚Äôm Type 1 diabetic my friends in the central belt can get the recommendations of hybrid closed loop(artificial pancreas) yet it is denied in the Highlands. Why? #DiabetesTechCantWait",2024-02-15 11:30:42.247472,1758063304348512490,2024-02-15 09:38:49+00:00,1,0,4,1,,,T1_Lesley,"Scotland, United Kingdom",556,(900-block pandora avenue OR esquimalt OR highlands OR metchosin OR pacheedaht OR saanich OR sooke OR vic west) (crd OR sooke homelessness coalition OR city of victoria youth council OR salvation army victoria arc OR westshore chamber of commerce OR need2 suicide prevention education  support OR victoria downtown residents association OR tiny town OR affordable housing OR healthcare OR substance use OR thief) lang:en -is:retweet,900-block pandora avenue OR esquimalt OR highlands OR metchosin OR pacheedaht OR saanich OR sooke OR vic west
2,"Incredible day of community engagement for @UVic‚Äôs Coastal Climate Solutions Leaders re: Designing a Climate Smart Neighbourhood for the new Ian Stewart Complex. Tx to Saanich, CRD, and Victoria planners, city council members and developers! So many ideas, such great energy! https://t.co/nDTd2w3SSH",2024-02-15 11:30:42.247490,1757918924635820274,2024-02-15 00:05:06+00:00,3,0,27,5,,,baumlab,University of Victoria,7324,(900-block pandora avenue OR esquimalt OR highlands OR metchosin OR pacheedaht OR saanich OR sooke OR vic west) (crd OR sooke homelessness coalition OR city of victoria youth council OR salvation army victoria arc OR westshore chamber of commerce OR need2 suicide prevention education  support OR victoria downtown residents association OR tiny town OR affordable housing OR healthcare OR substance use OR thief) lang:en -is:retweet,900-block pandora avenue OR esquimalt OR highlands OR metchosin OR pacheedaht OR saanich OR sooke OR vic west
5,"@Joe_Highlands @Annouynimouss @SunBleachedSlay the conclusion you draw from this study is dubious at best but even taking your conclusion at face value does not contradict what i said

i don't think healthcare should be a commodified institution either - i invite you to disagree",2024-02-15 11:30:42.247523,1757879267826737661,2024-02-14 21:27:31+00:00,1,0,0,0,,,AntipodeanBob,,80,(900-block pandora avenue OR esquimalt OR highlands OR metchosin OR pacheedaht OR saanich OR sooke OR vic west) (crd OR sooke homelessness coalition OR city of victoria youth council OR salvation army victoria arc OR westshore chamber of commerce OR need2 suicide prevention education  support OR victoria downtown residents association OR tiny town OR affordable housing OR healthcare OR substance use OR thief) lang:en -is:retweet,900-block pandora avenue OR esquimalt OR highlands OR metchosin OR pacheedaht OR saanich OR sooke OR vic west
6,"First, Steven Fontaine , CEO of Penn Highlands Healthcare! @pennhighlandshc",2024-02-15 11:30:42.247529,1757827928644092187,2024-02-14 18:03:31+00:00,0,0,0,0,,,senatorlaughlin,"Erie, PA",2172,(900-block pandora avenue OR esquimalt OR highlands OR metchosin OR pacheedaht OR saanich OR sooke OR vic west) (crd OR sooke homelessness coalition OR city of victoria youth council OR salvation army victoria arc OR westshore chamber of commerce OR need2 suicide prevention education  support OR victoria downtown residents association OR tiny town OR affordable housing OR healthcare OR substance use OR thief) lang:en -is:retweet,900-block pandora avenue OR esquimalt OR highlands OR metchosin OR pacheedaht OR saanich OR sooke OR vic west
10,@prairieoceanboy @CityOfVictoria @crd_bc @saanich While I usually appreciate engaging with people on social media the way you are engaging is rude and disrespectful and I have no interest in responding beyond saying I think you‚Äôre not behaving in a way that merits further engagement.,2024-02-15 11:30:42.247563,1757610844027060631,2024-02-14 03:40:54+00:00,1,0,0,0,"Saanich, British Columbia",52bc3157f597168a,BCGreens,"British Columbia, Canada",21269,(900-block pandora avenue OR esquimalt OR highlands OR metchosin OR pacheedaht OR saanich OR sooke OR vic west) (crd OR sooke homelessness coalition OR city of victoria youth council OR salvation army victoria arc OR westshore chamber of commerce OR need2 suicide prevention education  support OR victoria downtown residents association OR tiny town OR affordable housing OR healthcare OR substance use OR thief) lang:en -is:retweet,900-block pandora avenue OR esquimalt OR highlands OR metchosin OR pacheedaht OR saanich OR sooke OR vic west
0,"@WriteEditPJ Such gentle creatures üòç 
My uncle threw half of me out of the tent camping in the highlands because I was snoring woke up with them licking my face nearest relatives of the Aurochs apparently 
We also got chased by a humongous bull it was terrifying",2024-02-15 11:30:44.915937,1757880265379099128,2024-02-14 21:31:29+00:00,4,0,1,0,,,yogiproductions,Become the watcher,1572,(900-block pandora avenue OR esquimalt OR highlands OR metchosin OR pacheedaht OR saanich OR sooke OR vic west) (central saanich police service OR sooke transition house society OR corporation of the township of esquimalt OR soap for hope victoria OR 1up victoria single parent resource centre OR oak bay united church OR victoria placemaking OR aceh OR lived experience OR homelessness services association of bc OR tent OR theft) lang:en -is:retweet,900-block pandora avenue OR esquimalt OR highlands OR metchosin OR pacheedaht OR saanich OR sooke OR vic west
1,"@prairieoceanboy Once one starts name-calling, I'm typically done. 

Two e-cars, not hybrids.  

I'm not a City of Victoria Councillor so the valet is not my decision.

Exploring what may be in the best interest for #Saanich is something I'm committed to doing.

Be well. :)",2024-02-15 11:30:47.604577,1757494751354302857,2024-02-13 19:59:36+00:00,2,0,1,0,,,ColinPlant2022,"Saanich, British Columbia",2551,(900-block pandora avenue OR esquimalt OR highlands OR metchosin OR pacheedaht OR saanich OR sooke OR vic west) (city of victoria OR tenant action group victoria OR downtown victoria business association OR solid outreach OR aryze developments OR red cedar caf√© OR victoria ready OR aboriginal coalition to end homelessness OR community plan to end homelessness OR victoria sexual assault centre OR addict/addicted) lang:en -is:retweet,900-block pandora avenue OR esquimalt OR highlands OR metchosin OR pacheedaht OR saanich OR sooke OR vic west
1,"Vacationing in the central highlands of Mexico, starting yesterday in Quer√©taro, next week in Guanajuato and then finishing in Aguascalientes. All are beautiful, historic, friendly, very affordable and safe if you are sensible.

And the people here live without an omnipresent‚Ä¶ https://t.co/4EEq6vlduy https://t.co/lNPvvoflVF",2024-02-15 11:30:50.355273,1758154028842717249,2024-02-15 15:39:20+00:00,0,0,0,0,,,bobking4texas21,"New Braunfels, TX",38,"(900-block pandora avenue OR esquimalt OR highlands OR metchosin OR pacheedaht OR saanich OR sooke OR vic west) (community social planning council OR the backpack project  victoria bc OR dvba OR substance uvic OR boys ""and"" girls club south vanouver island OR restorative justice victoria OR victoria sexual assault centre OR anawim OR coordinated access ""and"" assessment OR #povertypimps OR affordable) lang:en -is:retweet",900-block pandora avenue OR esquimalt OR highlands OR metchosin OR pacheedaht OR saanich OR sooke OR vic west
2,"@RealStephenKerr Massive investment in 6 ferries for the islands, subsidised RET fares, harbour infrastructure projects funded, rural affordable homes projects, the Inverness city deal, fighting against the impacts of Brexit on the highlands and islands. 2 words pal- F OFF",2024-02-15 11:30:50.355291,1758093191914328141,2024-02-15 11:37:35+00:00,0,0,0,0,,,Mo_ChridheBeag,Scotland ,825,"(900-block pandora avenue OR esquimalt OR highlands OR metchosin OR pacheedaht OR saanich OR sooke OR vic west) (community social planning council OR the backpack project  victoria bc OR dvba OR substance uvic OR boys ""and"" girls club south vanouver island OR restorative justice victoria OR victoria sexual assault centre OR anawim OR coordinated access ""and"" assessment OR #povertypimps OR affordable) lang:en -is:retweet",900-block pandora avenue OR esquimalt OR highlands OR metchosin OR pacheedaht OR saanich OR sooke OR vic west
3,#Saanich - Affordable rental townhouse project near UVic draws unanimous support https://t.co/l9Obe7Aqsy,2024-02-15 11:30:50.355307,1758012100067156336,2024-02-15 06:15:21+00:00,0,0,0,0,,,BCHeadlines,"Victoria, BC",2863,"(900-block pandora avenue OR esquimalt OR highlands OR metchosin OR pacheedaht OR saanich OR sooke OR vic west) (community social planning council OR the backpack project  victoria bc OR dvba OR substance uvic OR boys ""and"" girls club south vanouver island OR restorative justice victoria OR victoria sexual assault centre OR anawim OR coordinated access ""and"" assessment OR #povertypimps OR affordable) lang:en -is:retweet",900-block pandora avenue OR esquimalt OR highlands OR metchosin OR pacheedaht OR saanich OR sooke OR vic west
2,"major collision at the entrance to @RoyalRoads corner of Sooke and Aldeane.
city bound traffic diverted to Aldeane and veterans Memorial Parkway westbound traffic also slow.
emergency services helping those injured.
goose also closed, go Sooke Rd, Colwood crescent
@cityofcolwood https://t.co/wq4a47n9Nk",2024-02-15 11:30:53.051284,1757782719319400546,2024-02-14 15:03:52+00:00,1,0,4,5,,,renomate,"Colwood, BC ",765,(900-block pandora avenue OR esquimalt OR highlands OR metchosin OR pacheedaht OR saanich OR sooke OR vic west) (cool aid society OR the cridge centre for the family OR esquimalt nation office OR the existence project OR city of colwood OR rotary club of victoria OR workbc centre - victoria OR bc housing OR reaching home OR encampment OR alcoholic) lang:en -is:retweet,900-block pandora avenue OR esquimalt OR highlands OR metchosin OR pacheedaht OR saanich OR sooke OR vic west
0,"@blairmcdougall Slow news day or is it the latest distraction from the Labour party. When the shit hits the fan in the Labour camp, either because of anti-Semitism, no cease fire yet for Gaza or just some idiot wanting to send immigrants to the Highlands of Scotland, bring up Sturgeon!",2024-02-15 11:30:55.769465,1758007687982288978,2024-02-15 05:57:49+00:00,0,0,0,0,,,DanDann76627081,Scotland,73,(900-block pandora avenue OR esquimalt OR highlands OR metchosin OR pacheedaht OR saanich OR sooke OR vic west) (foundry victoria OR the homeless idea podcast OR fernwood community association OR john howard society OR destination greater victoria visitor center OR salt spring exchange OR young parents support OR cool aid OR complex care OR homeless OR camp) lang:en -is:retweet,900-block pandora avenue OR esquimalt OR highlands OR metchosin OR pacheedaht OR saanich OR sooke OR vic west
1,Meet the 2024 Lake Highlands Wildcats. @camp_marr https://t.co/g3HZRUYsle,2024-02-15 11:30:55.769522,1757918262258749787,2024-02-15 00:02:28+00:00,0,0,15,2,,,LHWildcatBsB,Lake Highlands High School,902,(900-block pandora avenue OR esquimalt OR highlands OR metchosin OR pacheedaht OR saanich OR sooke OR vic west) (foundry victoria OR the homeless idea podcast OR fernwood community association OR john howard society OR destination greater victoria visitor center OR salt spring exchange OR young parents support OR cool aid OR complex care OR homeless OR camp) lang:en -is:retweet,900-block pandora avenue OR esquimalt OR highlands OR metchosin OR pacheedaht OR saanich OR sooke OR vic west
0,"Adventure without worry. üõ°Ô∏èüíö Partnered with Oriental Insurance, we've got you covered from highways to highlands. Travel with peace of mind, knowing your Forest River camper is protected against the unpredictable. üöêüå≤ #RVInsurance #SafeTravels #AdventureSafe https://t.co/PFXzrH8WBV",2024-02-15 11:30:58.477084,1757973480623206603,2024-02-15 03:41:54+00:00,0,0,0,0,,,ClubCampersRV,India,1,"(900-block pandora avenue OR esquimalt OR highlands OR metchosin OR pacheedaht OR saanich OR sooke OR vic west) (greater victoria coalition to end homelessness OR victoria s.o.s. OR first metropolitan united church OR the victoria real estate board OR district of north saanich OR south island centre for counselling ""and"" training OR hope through achievement foundation victoria OR foundry victoria OR makola housing society OR homelessness OR camper) lang:en -is:retweet",900-block pandora avenue OR esquimalt OR highlands OR metchosin OR pacheedaht OR saanich OR sooke OR vic west
1,"[Access] [EBOOK EPUB KINDLE PDF] Take the Slow Road: Scotland: Inspirational Journeys Round the Highlands, Lowlands and Islands of Scotland by Camper Van and Motorhome by  Martin Dorey üñåÔ∏è
üåü https://t.co/Ait9naO365
[Access]",2024-02-15 11:30:58.477149,1757883524806541534,2024-02-14 21:44:26+00:00,0,0,0,0,,,barreralia89080,,1,"(900-block pandora avenue OR esquimalt OR highlands OR metchosin OR pacheedaht OR saanich OR sooke OR vic west) (greater victoria coalition to end homelessness OR victoria s.o.s. OR first metropolitan united church OR the victoria real estate board OR district of north saanich OR south island centre for counselling ""and"" training OR hope through achievement foundation victoria OR foundry victoria OR makola housing society OR homelessness OR camper) lang:en -is:retweet",900-block pandora avenue OR esquimalt OR highlands OR metchosin OR pacheedaht OR saanich OR sooke OR vic west
2,"Leading #Ballarat organisations incl. @cityofballarat, Ballarat Regional Athletic Centre, Central Highlands Homelessness Alliance &amp; business and tourism operators have their say on the Commonwealth Games cancellation &amp; $2 billion regional infrastructure &amp; housing fund. #springst https://t.co/wQnLeuGE90",2024-02-15 11:30:58.477167,1757652036039176642,2024-02-14 06:24:35+00:00,1,0,3,1,,,VicParliament,"Victoria, Australia",9169,"(900-block pandora avenue OR esquimalt OR highlands OR metchosin OR pacheedaht OR saanich OR sooke OR vic west) (greater victoria coalition to end homelessness OR victoria s.o.s. OR first metropolitan united church OR the victoria real estate board OR district of north saanich OR south island centre for counselling ""and"" training OR hope through achievement foundation victoria OR foundry victoria OR makola housing society OR homelessness OR camper) lang:en -is:retweet",900-block pandora avenue OR esquimalt OR highlands OR metchosin OR pacheedaht OR saanich OR sooke OR vic west
1,"Coupled with inflation, climate damages and climate action are becoming incredibly costly for local governments. Staff at BC's District of Saanich propose to recover the costs of damages by suing oil companies, who warmed the planet for profit. Learn more: https://t.co/UoJO84PJGM",2024-02-15 11:31:01.377394,1757921687398670488,2024-02-15 00:16:05+00:00,0,1,17,9,,,SueBigOil,Canada,358,(900-block pandora avenue OR esquimalt OR highlands OR metchosin OR pacheedaht OR saanich OR sooke OR vic west) (greater victoria housing society OR john howard society of victoria OR greater yyj politics OR vreb OR district of saanich OR st. john ambulance OR yyj tenants union OR greater victoria coalition to end homelessness OR peers victoria resources society OR housing OR camping) lang:en -is:retweet,900-block pandora avenue OR esquimalt OR highlands OR metchosin OR pacheedaht OR saanich OR sooke OR vic west
3,"Inflation is threatening to derail the District of Saanich's climate plans, prompting fears other B.C. cities could be next

To close the fiscal gap, city staff have responded in a Canadian first. Their proposal: sue 'Big Oil'

https://t.co/1qQzvVbwSZ",2024-02-15 11:31:01.377431,1757826711604113826,2024-02-14 17:58:41+00:00,0,0,2,1,,,StefanLabbe,"Vancouver, British Columbia",1397,(900-block pandora avenue OR esquimalt OR highlands OR metchosin OR pacheedaht OR saanich OR sooke OR vic west) (greater victoria housing society OR john howard society of victoria OR greater yyj politics OR vreb OR district of saanich OR st. john ambulance OR yyj tenants union OR greater victoria coalition to end homelessness OR peers victoria resources society OR housing OR camping) lang:en -is:retweet,900-block pandora avenue OR esquimalt OR highlands OR metchosin OR pacheedaht OR saanich OR sooke OR vic west
6,"Did you know that the District of @saanich has a Heat Pump Financing Program? 
Application deadline Feb 25, 2024 
Check link for details.
#climatechange #yyj #homeownerlife 
https://t.co/MaK0zvTsb3",2024-02-15 11:31:01.377476,1757769984078463424,2024-02-14 14:13:16+00:00,1,0,2,1,,,BoozeDonkey,"Victoria, BC, Canada",2164,(900-block pandora avenue OR esquimalt OR highlands OR metchosin OR pacheedaht OR saanich OR sooke OR vic west) (greater victoria housing society OR john howard society of victoria OR greater yyj politics OR vreb OR district of saanich OR st. john ambulance OR yyj tenants union OR greater victoria coalition to end homelessness OR peers victoria resources society OR housing OR camping) lang:en -is:retweet,900-block pandora avenue OR esquimalt OR highlands OR metchosin OR pacheedaht OR saanich OR sooke OR vic west
7,Dear @ukhomeoffice We own a 5/6 bed detached house with large gardens in the Highlands that you can buy for ¬£500k - cheaper than housing migrants in posh hotels!! Parking for at least 6 cars too! Imagine the money you could save the taxpayers if you take me up on this!!!,2024-02-15 11:31:01.377520,1757743982568669645,2024-02-14 12:29:57+00:00,1,0,0,0,,,Trisha_C1,"Gordonbush, Scotland",1500,(900-block pandora avenue OR esquimalt OR highlands OR metchosin OR pacheedaht OR saanich OR sooke OR vic west) (greater victoria housing society OR john howard society of victoria OR greater yyj politics OR vreb OR district of saanich OR st. john ambulance OR yyj tenants union OR greater victoria coalition to end homelessness OR peers victoria resources society OR housing OR camping) lang:en -is:retweet,900-block pandora avenue OR esquimalt OR highlands OR metchosin OR pacheedaht OR saanich OR sooke OR vic west
11,"@STLD98 @DuncanStott More like 2%. And they‚Äôre not moving to the Highlands but to London where even trying to redevelop a post-war eyesore is warfare. Politicians here won‚Äôt even accept the housing crisis has anything to do with a shortage. 
Plus there‚Äôs problems unrelated to housing",2024-02-15 11:31:01.377604,1757548886455890193,2024-02-13 23:34:42+00:00,1,0,0,0,,,Darius1296,,464,(900-block pandora avenue OR esquimalt OR highlands OR metchosin OR pacheedaht OR saanich OR sooke OR vic west) (greater victoria housing society OR john howard society of victoria OR greater yyj politics OR vreb OR district of saanich OR st. john ambulance OR yyj tenants union OR greater victoria coalition to end homelessness OR peers victoria resources society OR housing OR camping) lang:en -is:retweet,900-block pandora avenue OR esquimalt OR highlands OR metchosin OR pacheedaht OR saanich OR sooke OR vic west
12,"The District of Saanich has once again been selected as one of BC‚Äôs Top Employers! ü•≥üéâ

To celebrate this recognition, we've compiled a top ten list of reasons why talented and passionate individuals want to work and build their careers with us.

https://t.co/PadRDVJ65p https://t.co/EcyosGAmGp",2024-02-15 11:31:01.377621,1757525175283687509,2024-02-13 22:00:29+00:00,2,0,3,2,,,saanich,"Saanich, British Columbia",7367,(900-block pandora avenue OR esquimalt OR highlands OR metchosin OR pacheedaht OR saanich OR sooke OR vic west) (greater victoria housing society OR john howard society of victoria OR greater yyj politics OR vreb OR district of saanich OR st. john ambulance OR yyj tenants union OR greater victoria coalition to end homelessness OR peers victoria resources society OR housing OR camping) lang:en -is:retweet,900-block pandora avenue OR esquimalt OR highlands OR metchosin OR pacheedaht OR saanich OR sooke OR vic west
